timestamp,event,ear,mar
2026-08-14 11:28:44,DROWSY,0.222,1.138
2026-08-14 11:28:54,DROWSY,0.137,21.682
2026-08-14 11:28:54,DROWSY,0.205,21.349
2026-08-14 11:28:54,DROWSY,0.205,21.349
2026-08-14 11:28:54,DROWSY,0.205,21.349
2026-08-14 11:28:54,DROWSY,0.196,23.015
2026-08-14 11:28:54,DROWSY,0.196,23.015
2026-08-14 11:28:54,DROWSY,0.196,23.015
2026-08-14 11:28:54,ALERT,0.266,22.008
2026-08-14 11:28:54,ALERT,0.266,22.008
2026-08-14 11:28:55,DROWSY,0.231,21.682
2026-08-14 11:28:55,DROWSY,0.231,20.375
2026-08-14 11:28:55,DROWSY,0.231,20.375
2026-08-14 11:28:55,DROWSY,0.231,20.375
2026-08-14 11:28:57,ALERT,0.316,20.383
2026-08-14 11:28:57,ALERT,0.316,20.383
2026-08-14 11:28:57,ALERT,0.259,21.048
2026-08-14 11:28:57,ALERT,0.313,21.349
2026-08-14 11:28:57,ALERT,0.313,21.349
2026-08-14 11:28:57,ALERT,0.313,21.349
2026-08-14 11:29:03,DROWSY,0.182,0.333
2026-08-14 11:29:21,DROWSY,0.168,2.0
2026-08-14 11:29:32,DROWSY,0.179,2.721
2026-08-14 11:29:34,DROWSY,0.208,1.0
2026-08-14 11:29:42,DROWSY,0.221,0.943
2026-08-14 11:29:50,ALERT,0.316,20.009
2026-08-14 11:29:50,ALERT,0.316,20.009
2026-08-14 11:29:50,ALERT,0.288,23.667
2026-08-14 11:29:50,ALERT,0.28,25.04
2026-08-14 11:29:50,ALERT,0.28,25.04
2026-08-14 11:29:50,ALERT,0.28,25.04
2026-08-14 11:29:50,DROWSY,0.198,24.034
2026-08-14 11:29:50,DROWSY,0.198,24.034
2026-08-14 11:29:50,DROWSY,0.198,24.034
2026-08-14 11:29:50,DROWSY,0.175,23.681
2026-08-14 11:29:50,DROWSY,0.175,23.681
2026-08-14 11:29:50,DROWSY,0.175,23.681
2026-08-14 11:29:50,ALERT,0.266,24.347
2026-08-14 11:29:50,ALERT,0.266,24.347
2026-08-14 11:29:51,DROWSY,0.229,25.007
2026-08-14 11:29:51,DROWSY,0.233,25.04
2026-08-14 11:29:51,DROWSY,0.233,25.04
2026-08-14 11:29:51,DROWSY,0.233,25.04
2026-08-14 11:29:51,DROWSY,0.189,24.674
2026-08-14 11:29:51,DROWSY,0.189,24.674
2026-08-14 11:29:51,DROWSY,0.175,22.015
2026-08-14 11:29:51,DROWSY,0.245,21.008
2026-08-14 11:29:51,DROWSY,0.245,21.008
2026-08-14 11:29:51,DROWSY,0.245,21.008
2026-08-14 11:29:51,DROWSY,0.207,22.674
2026-08-14 11:29:51,DROWSY,0.207,22.674
2026-08-14 11:29:51,DROWSY,0.197,23.341
2026-08-14 11:29:51,ALERT,0.278,20.675
2026-08-14 11:29:51,ALERT,0.278,20.675
2026-08-14 11:29:55,ALERT,0.279,20.017
2026-08-14 11:29:55,ALERT,0.279,20.017
2026-08-14 11:29:55,ALERT,0.279,20.017
2026-08-14 11:29:55,ALERT,0.262,20.683
2026-08-14 11:29:55,ALERT,0.262,20.683
2026-08-14 11:29:55,ALERT,0.286,21.682
2026-08-14 11:29:55,ALERT,0.312,21.675
2026-08-14 11:29:55,ALERT,0.312,21.675
2026-08-14 11:29:55,ALERT,0.312,21.675
2026-08-14 11:29:56,ALERT,0.309,20.675
2026-08-14 11:29:56,ALERT,0.255,23.369
2026-08-14 11:29:56,ALERT,0.255,23.369
2026-08-14 11:29:56,ALERT,0.255,23.369
2026-08-14 11:29:56,ALERT,0.319,22.333
2026-08-14 11:29:56,ALERT,0.319,22.333
2026-08-14 11:29:56,ALERT,0.309,24.34
2026-08-14 11:29:56,ALERT,0.297,23.681
2026-08-14 11:29:56,ALERT,0.297,23.681
2026-08-14 11:29:56,ALERT,0.297,23.681
2026-08-14 11:29:56,ALERT,0.313,20.009
2026-08-14 11:29:56,ALERT,0.313,20.009
2026-08-14 11:29:56,ALERT,0.313,20.009
2026-08-14 11:29:56,ALERT,0.289,20.017
2026-08-14 11:29:56,ALERT,0.289,20.017
2026-08-14 11:29:57,DROWSY,0.124,1.667
2026-08-14 11:30:03,DROWSY,0.131,1.667
2026-08-15 20:11:30,DROWSY,0.204,7.687
2026-08-15 20:11:35,DROWSY,0.168,5.066
2026-08-15 20:11:39,DROWSY,0.205,5.667
2026-08-15 20:11:40,DROWSY,0.202,9.35
2026-08-15 20:11:45,DROWSY,0.197,12.361
2026-08-15 20:11:52,DROWSY,0.19,2.412
2026-08-15 20:11:57,DROWSY,0.226,4.333
2026-08-15 20:12:03,DROWSY,0.228,6.385
2026-08-15 20:12:05,DROWSY,0.205,7.711
2026-08-15 20:12:15,DROWSY,0.181,8.724
2026-08-15 20:12:25,DROWSY,0.223,5.755
2026-08-15 20:12:28,DROWSY,0.238,2.667
2026-08-15 20:14:36,DROWSY,0.245,2.333
2026-08-15 20:14:38,DROWSY,0.239,4.407
2026-08-15 20:14:42,DROWSY,0.221,0.667
2026-08-15 20:14:46,DROWSY,0.236,5.0
2026-08-15 20:14:50,DROWSY,0.226,4.0
2026-08-15 20:14:52,DROWSY,0.214,3.054
2026-08-15 20:14:53,DROWSY,0.214,2.721
2026-08-15 20:15:02,DROWSY,0.24,4.041
2026-08-16 10:44:14,DROWSY,0.227,3.762
2026-08-16 10:44:18,DROWSY,0.207,3.0
2026-08-16 10:44:21,DROWSY,0.192,3.108
2026-08-16 10:44:26,DROWSY,0.24,1.276
2026-08-16 10:44:33,DROWSY,0.231,0.667
2026-08-16 10:44:39,DROWSY,0.138,1.276
2026-08-16 10:44:44,DROWSY,0.192,0.333
2026-08-16 10:44:45,DROWSY,0.185,5.7
2026-08-16 10:44:56,DROWSY,0.163,21.357
2026-08-16 10:44:56,DROWSY,0.163,21.357
2026-08-16 10:44:56,DROWSY,0.163,21.357
2026-08-16 10:44:56,DROWSY,0.152,23.681
2026-08-16 10:44:56,DROWSY,0.152,23.681
2026-08-16 10:44:56,DROWSY,0.152,23.681
2026-08-16 10:44:56,DROWSY,0.152,27.345
2026-08-16 10:44:56,DROWSY,0.152,27.345
2026-08-16 10:44:56,DROWSY,0.152,27.345
2026-08-16 10:44:56,DROWSY,0.165,26.34
2026-08-16 10:44:56,DROWSY,0.165,26.34
2026-08-16 10:44:57,DROWSY,0.165,26.34
2026-08-16 10:44:57,DROWSY,0.153,26.34
2026-08-16 10:44:57,DROWSY,0.153,26.34
2026-08-16 10:44:57,DROWSY,0.153,26.34
2026-08-16 10:44:57,DROWSY,0.163,28.006
2026-08-16 10:44:57,DROWSY,0.163,28.006
2026-08-16 10:44:57,DROWSY,0.163,28.006
2026-08-16 10:44:57,DROWSY,0.163,28.006
2026-08-16 10:44:57,DROWSY,0.127,27.346
2026-08-16 10:44:57,DROWSY,0.127,27.346
2026-08-16 10:44:57,DROWSY,0.127,27.346
2026-08-16 10:44:57,DROWSY,0.14,27.679
2026-08-16 10:44:57,DROWSY,0.14,27.679
2026-08-16 10:44:57,DROWSY,0.14,27.679
2026-08-16 10:44:57,DROWSY,0.162,27.673
2026-08-16 10:44:57,DROWSY,0.162,27.673
2026-08-16 10:44:57,DROWSY,0.162,27.673
2026-08-16 10:44:57,DROWSY,0.195,28.018
2026-08-16 10:44:57,DROWSY,0.195,28.018
2026-08-16 10:44:57,DROWSY,0.195,28.018
2026-08-16 10:44:57,DROWSY,0.203,27.34
2026-08-16 10:44:57,DROWSY,0.203,27.34
2026-08-16 10:44:57,DROWSY,0.203,27.34
2026-08-16 10:44:57,DROWSY,0.131,26.346
2026-08-16 10:44:57,DROWSY,0.131,26.346
2026-08-16 10:44:57,DROWSY,0.131,26.346
2026-08-16 10:44:57,DROWSY,0.17,27.679
2026-08-16 10:44:57,DROWSY,0.17,27.679
2026-08-16 10:44:57,DROWSY,0.17,27.679
2026-08-16 10:44:57,DROWSY,0.179,28.012
2026-08-16 10:44:58,DROWSY,0.179,28.012
2026-08-16 10:44:58,DROWSY,0.179,28.012
2026-08-16 10:44:58,DROWSY,0.188,27.345
2026-08-16 10:44:58,DROWSY,0.188,27.345
2026-08-16 10:44:58,DROWSY,0.188,27.345
2026-08-16 10:44:58,DROWSY,0.198,26.679
2026-08-16 10:44:58,DROWSY,0.198,26.679
2026-08-16 10:44:58,DROWSY,0.198,26.679
2026-08-16 10:44:58,DROWSY,0.196,26.697
2026-08-16 10:44:58,DROWSY,0.196,26.697
2026-08-16 10:44:58,DROWSY,0.196,26.697
2026-08-16 10:44:58,DROWSY,0.197,26.007
2026-08-16 10:44:58,DROWSY,0.197,26.007
2026-08-16 10:44:58,DROWSY,0.197,26.007
2026-08-16 10:44:58,DROWSY,0.213,24.014
2026-08-16 10:44:58,DROWSY,0.213,24.014
2026-08-16 10:44:58,DROWSY,0.213,24.014
2026-08-16 10:44:58,DROWSY,0.214,24.347
2026-08-16 10:44:58,DROWSY,0.214,24.347
2026-08-16 10:44:58,DROWSY,0.214,24.347
2026-08-16 10:44:58,DROWSY,0.181,22.008
2026-08-16 10:44:58,DROWSY,0.181,22.008
2026-08-16 10:44:58,DROWSY,0.181,22.008
2026-08-16 10:44:58,DROWSY,0.213,22.008
2026-08-16 10:44:58,DROWSY,0.213,22.008
2026-08-16 10:44:58,DROWSY,0.213,22.008
2026-08-16 10:44:58,DROWSY,0.214,20.025
2026-08-16 10:44:59,DROWSY,0.214,20.025
2026-08-16 10:44:59,DROWSY,0.214,20.025
2026-08-16 10:44:59,DROWSY,0.201,21.357
2026-08-16 10:44:59,DROWSY,0.201,21.357
2026-08-16 10:44:59,DROWSY,0.201,21.357
2026-08-16 10:44:59,DROWSY,0.18,22.038
2026-08-16 10:44:59,DROWSY,0.18,22.038
2026-08-16 10:44:59,DROWSY,0.18,22.038
2026-08-16 10:45:01,DROWSY,0.118,24.014
2026-08-16 10:45:01,DROWSY,0.118,24.014
2026-08-16 10:45:01,DROWSY,0.118,24.014
2026-08-16 10:45:01,DROWSY,0.157,25.673
2026-08-16 10:45:01,DROWSY,0.157,25.673
2026-08-16 10:45:01,DROWSY,0.157,25.673
2026-08-16 10:45:01,DROWSY,0.108,23.348
2026-08-16 10:45:01,DROWSY,0.108,23.348
2026-08-16 10:45:01,DROWSY,0.108,23.348
2026-08-16 10:45:01,DROWSY,0.174,24.035
2026-08-16 10:45:01,DROWSY,0.174,24.035
2026-08-16 10:45:01,DROWSY,0.174,24.035
2026-08-16 10:45:01,DROWSY,0.196,22.341
2026-08-16 10:45:01,DROWSY,0.196,22.341
2026-08-16 10:45:01,DROWSY,0.196,22.341
2026-08-16 10:45:01,DROWSY,0.246,20.683
2026-08-16 10:45:01,DROWSY,0.246,20.683
2026-08-16 10:45:01,DROWSY,0.246,20.683
2026-08-16 10:45:01,DROWSY,0.228,23.348
2026-08-16 10:45:01,DROWSY,0.228,23.348
2026-08-16 10:45:01,DROWSY,0.228,23.348
2026-08-16 10:45:01,DROWSY,0.228,23.348
2026-08-16 10:45:01,DROWSY,0.224,26.033
2026-08-16 10:45:01,DROWSY,0.224,26.033
2026-08-16 10:45:01,DROWSY,0.224,26.033
2026-08-16 10:45:01,DROWSY,0.223,24.035
2026-08-16 10:45:02,DROWSY,0.223,24.035
2026-08-16 10:45:02,DROWSY,0.223,24.035
2026-08-16 10:45:02,DROWSY,0.224,24.014
2026-08-16 10:45:02,DROWSY,0.224,24.014
2026-08-16 10:45:02,DROWSY,0.224,24.014
2026-08-16 10:45:02,DROWSY,0.176,25.34
2026-08-16 10:45:02,DROWSY,0.176,25.34
2026-08-16 10:45:02,DROWSY,0.176,25.34
2026-08-16 10:45:02,DROWSY,0.237,25.347
2026-08-16 10:45:02,DROWSY,0.237,25.347
2026-08-16 10:45:02,DROWSY,0.237,25.347
2026-08-16 10:45:02,DROWSY,0.24,23.674
2026-08-16 10:45:02,DROWSY,0.24,23.674
2026-08-16 10:45:02,DROWSY,0.24,23.674
2026-08-16 10:45:02,ALERT,0.259,23.341
2026-08-16 10:45:02,ALERT,0.259,23.341
2026-08-16 10:45:02,ALERT,0.259,23.341
2026-08-16 10:45:02,DROWSY,0.165,23.015
2026-08-16 10:45:02,DROWSY,0.165,23.015
2026-08-16 10:45:02,DROWSY,0.165,23.015
2026-08-16 10:45:02,DROWSY,0.217,25.347
2026-08-16 10:45:02,DROWSY,0.217,25.347
2026-08-16 10:45:02,DROWSY,0.217,25.347
2026-08-16 10:45:02,DROWSY,0.247,23.688
2026-08-16 10:45:02,DROWSY,0.247,23.688
2026-08-16 10:45:02,DROWSY,0.247,23.688
2026-08-16 10:45:02,ALERT,0.255,22.008
2026-08-16 10:45:02,ALERT,0.255,22.008
2026-08-16 10:45:02,ALERT,0.255,22.008
2026-08-16 10:45:02,ALERT,0.256,24.687
2026-08-16 10:45:03,ALERT,0.256,24.687
2026-08-16 10:45:03,ALERT,0.256,24.687
2026-08-16 10:45:03,DROWSY,0.182,24.347
2026-08-16 10:45:03,DROWSY,0.182,24.347
2026-08-16 10:45:03,DROWSY,0.182,24.347
2026-08-16 10:45:03,DROWSY,0.164,23.015
2026-08-16 10:45:03,DROWSY,0.164,23.015
2026-08-16 10:45:03,DROWSY,0.164,23.015
2026-08-16 10:45:03,DROWSY,0.24,24.007
2026-08-16 10:45:03,DROWSY,0.24,24.007
2026-08-16 10:45:03,DROWSY,0.24,24.007
2026-08-16 10:45:03,DROWSY,0.159,22.0
2026-08-16 10:45:03,DROWSY,0.159,22.0
2026-08-16 10:45:03,DROWSY,0.159,22.0
2026-08-16 10:45:03,DROWSY,0.195,23.681
2026-08-16 10:45:03,DROWSY,0.195,23.681
2026-08-16 10:45:03,DROWSY,0.195,23.681
2026-08-16 10:45:03,DROWSY,0.189,20.706
2026-08-16 10:45:03,DROWSY,0.189,20.706
2026-08-16 10:45:03,DROWSY,0.189,20.706
2026-08-16 10:45:03,DROWSY,0.243,24.347
2026-08-16 10:45:03,DROWSY,0.243,24.347
2026-08-16 10:45:03,DROWSY,0.243,24.347
2026-08-16 10:45:03,DROWSY,0.243,24.347
2026-08-16 10:45:03,DROWSY,0.24,24.68
2026-08-16 10:45:03,DROWSY,0.24,24.68
2026-08-16 10:45:03,DROWSY,0.24,24.68
2026-08-16 10:45:03,DROWSY,0.199,25.033
2026-08-16 10:45:03,DROWSY,0.199,25.033
2026-08-16 10:45:03,DROWSY,0.199,25.033
2026-08-16 10:45:03,DROWSY,0.137,23.341
2026-08-16 10:45:04,DROWSY,0.137,23.341
2026-08-16 10:45:04,DROWSY,0.137,23.341
2026-08-16 10:45:04,DROWSY,0.214,26.679
2026-08-16 10:45:04,DROWSY,0.214,26.679
2026-08-16 10:45:04,DROWSY,0.214,26.679
2026-08-16 10:45:04,DROWSY,0.21,24.673
2026-08-16 10:45:04,DROWSY,0.21,24.673
2026-08-16 10:45:04,DROWSY,0.21,24.673
2026-08-16 10:45:04,DROWSY,0.155,23.348
2026-08-16 10:45:04,DROWSY,0.155,23.348
2026-08-16 10:45:04,DROWSY,0.155,23.348
2026-08-16 10:45:04,DROWSY,0.119,24.007
2026-08-16 10:45:04,DROWSY,0.119,24.007
2026-08-16 10:45:04,DROWSY,0.119,24.007
2026-08-16 10:45:04,DROWSY,0.214,23.007
2026-08-16 10:45:04,DROWSY,0.214,23.007
2026-08-16 10:45:04,DROWSY,0.214,23.007
2026-08-16 10:45:04,DROWSY,0.22,24.673
2026-08-16 10:45:04,DROWSY,0.22,24.673
2026-08-16 10:45:04,DROWSY,0.22,24.673
2026-08-16 10:45:04,DROWSY,0.198,24.007
2026-08-16 10:45:04,DROWSY,0.198,24.007
2026-08-16 10:45:04,DROWSY,0.198,24.007
2026-08-16 10:45:04,DROWSY,0.238,22.341
2026-08-16 10:45:04,DROWSY,0.238,22.341
2026-08-16 10:45:04,DROWSY,0.238,22.341
2026-08-16 10:45:04,DROWSY,0.2,24.014
2026-08-16 10:45:04,DROWSY,0.2,24.014
2026-08-16 10:45:04,DROWSY,0.2,24.014
2026-08-16 10:45:04,DROWSY,0.229,21.674
2026-08-16 10:45:05,DROWSY,0.229,21.674
2026-08-16 10:45:05,DROWSY,0.229,21.674
2026-08-16 10:45:05,ALERT,0.269,22.667
2026-08-16 10:45:05,ALERT,0.269,22.667
2026-08-16 10:45:05,ALERT,0.269,22.667
2026-08-16 10:45:05,DROWSY,0.239,23.007
2026-08-16 10:45:05,DROWSY,0.239,23.007
2026-08-16 10:45:05,DROWSY,0.239,23.007
2026-08-16 10:45:05,ALERT,0.262,22.674
2026-08-16 10:45:05,ALERT,0.262,22.674
2026-08-16 10:45:05,ALERT,0.262,22.674
2026-08-16 10:45:05,DROWSY,0.197,22.681
2026-08-16 10:45:05,DROWSY,0.197,22.681
2026-08-16 10:45:05,DROWSY,0.197,22.681
2026-08-16 10:45:05,DROWSY,0.236,21.341
2026-08-16 10:45:05,DROWSY,0.236,21.341
2026-08-16 10:45:05,DROWSY,0.236,21.341
2026-08-16 10:45:05,ALERT,0.263,20.017
2026-08-16 10:45:05,ALERT,0.263,20.017
2026-08-16 10:45:05,ALERT,0.263,20.017
2026-08-16 10:45:07,DROWSY,0.166,0.333
2026-08-16 10:45:10,DROWSY,0.242,5.394
2026-08-17 10:05:51,DROWSY,0.184,0.805
2026-08-17 10:06:06,DROWSY,0.233,3.708
2026-08-17 10:06:11,DROWSY,0.15,20.738
2026-08-17 10:06:11,DROWSY,0.15,20.738
2026-08-17 10:06:11,DROWSY,0.138,21.381
2026-08-17 10:06:11,DROWSY,0.138,21.381
2026-08-17 10:06:13,DROWSY,0.16,23.681
2026-08-17 10:06:13,DROWSY,0.16,23.681
2026-08-17 10:06:13,DROWSY,0.2,16.393
